Cluster,gender,age,height,weight,family_history_with_overweight,favc,fcvc,ncp,caec,smoke,ch2o,scc,faf,tue,bad_habits,calc,mtrans
0,1.0,22.555555555555557,171.96732026143792,70.43790849673202,0.0,0.7581699346405228,2.2401960784313726,2.6162091503267972,1.1241830065359477,0.032679738562091505,2.080457516339869,0.058823529411764705,1.2827450980392157,0.5264705882352941,0.9673202614379085,0.7647058823529411,1.7450980392156863
1,0.5907633098139833,24.809493264913407,171.94034637588197,95.87870429762668,1.0,0.9576651699807569,2.429685695958948,2.725028864656831,1.0602950609364978,0.019884541372674792,2.0758948043617704,0.011545862732520847,1.0210455420141116,0.6595509942270686,0.9801154586273252,0.7556125721616421,1.522771007055805
2,0.0,21.096698113207548,161.23820754716982,55.219811320754715,0.4221698113207547,0.6580188679245284,2.4398584905660377,2.590683962264151,1.4622641509433962,0.018867924528301886,1.7048820754716982,0.16273584905660377,1.0474764150943396,0.760070754716981,0.9811320754716981,0.6179245283018868,1.9080188679245282
