Cluster,gender,age,height,weight,family_history_with_overweight,favc,fcvc,ncp,caec,smoke,ch2o,scc,faf,tue,bad_habits,calc,mtrans
0,0.0,6.204719011502122,8.027435112306057,12.353110659475872,0.0,0.4295980953912755,0.5125342999924304,0.9582742208178939,0.8055748310328056,0.1783808998801062,0.6663711032123334,0.23606684260939015,0.9184907781777254,0.5889949854449162,0.1783808998801062,0.5708339453719046,0.9633372077582142
1,0.49185078650772524,6.357877443288467,8.467314344196659,22.596673403351637,0.0,0.20141651965374816,0.513982004194781,0.7015777989815578,0.3227889777853291,0.13964832783428105,0.5880851232276596,0.10686384289536965,0.8349382902360248,0.5930919642942154,0.13964832783428105,0.5015306417274205,0.9339350505222742
2,0.0,5.1048198096763,7.541365992632666,10.711291139911083,0.49448878435933696,0.47493370409334157,0.6027215492910052,0.9534571928304647,0.6099959818785894,0.13621926945415297,0.5911182536882416,0.36956055436880264,0.8956374432226938,0.6735995855115416,0.13621926945415297,0.5328538926256442,0.72999358112573
